{"cameraMode":{"drawMode":0,"name":"Shaded","section":"Shading Mode"},"sceneLighting":false,"audioPlay":false,"sceneViewState":{"m_AlwaysRefresh":false,"showFog":true,"showSkybox":false,"showFlares":true,"showImageEffects":true,"showParticleSystems":true,"showVisualEffectGraphs":true,"m_FxEnabled":true},"in2DMode":false,"pivot":{"x":0.46000003814697268,"y":2.8881568908691408,"z":1.840000033378601},"rotation":{"x":-0.06456796079874039,"y":0.789882242679596,"z":-0.08444210141897202,"w":-0.6039767265319824},"size":1.6211438179016114,"orthographic":false}