{"cameraMode":{"drawMode":0,"name":"Shaded","section":"Shading Mode"},"sceneLighting":true,"audioPlay":false,"sceneViewState":{"m_AlwaysRefresh":false,"showFog":true,"showSkybox":true,"showFlares":true,"showImageEffects":true,"showParticleSystems":true,"showVisualEffectGraphs":true,"m_FxEnabled":true},"in2DMode":false,"pivot":{"x":-1.0352356433868409,"y":3.3604071140289308,"z":7.600017547607422},"rotation":{"x":-0.002713491441681981,"y":0.9857410788536072,"z":-0.16749417781829835,"w":-0.015969615429639818},"size":5.568058967590332,"orthographic":false}